"Time (s)","Latitude (°)","Longitude (°)","Height (m)","Velocity (m/s)","Direction (°)","Horizontal Accuracy (m)","Vertical Accuracy (m)"
3.303055050E-1,6.778327620E1,2.482343740E1,2.395820599E2,NaN,NaN,2.690800095E1,4.106118679E0
1.127525616E0,6.778327620E1,2.482343740E1,2.395820599E2,NaN,NaN,3.248699951E1,5.221918583E0
4.244877231E0,6.778329833E1,2.482344000E1,2.500820108E2,1.703730583E0,3.182399902E2,3.200000048E0,1.350000000E1
5.244800001E0,6.778329333E1,2.482348000E1,2.496820705E2,1.174081445E0,3.285899963E2,2.500000000E0,1.339999962E1
6.245312385E0,6.778328833E1,2.482347833E1,2.498820803E2,1.042312503E0,3.378500061E2,2.200000048E0,1.419999981E1
7.247114462E0,6.778328667E1,2.482344000E1,2.493820384E2,1.097387791E0,3.239200134E2,2.000000000E0,1.369999981E1
8.245149308E0,6.778328833E1,2.482341833E1,2.492820085E2,1.211656094E0,3.217000122E2,1.899999976E0,1.450000000E1
9.246205616E0,6.778329000E1,2.482338833E1,2.492819687E2,1.025326610E0,3.303900146E2,1.799999952E0,1.430000019E1
1.050739969E1,6.778330000E1,2.482337500E1,2.489819291E2,1.089152217E0,3.298900146E2,1.799999952E0,1.480000019E1
1.150825023E1,6.778330667E1,2.482336667E1,2.493819034E2,7.937016487E-1,3.433699951E2,1.899999976E0,1.530000019E1
1.250852316E1,6.778331333E1,2.482336833E1,2.496818897E2,8.472327590E-1,3.592000122E2,2.000000000E0,1.569999981E1
1.350801269E1,6.778332167E1,2.482336667E1,2.491818681E2,8.595861197E-1,1.742000008E1,2.000000000E0,1.729999924E1
1.450819939E1,6.778332333E1,2.482337667E1,2.487818761E2,9.316472411E-1,1.247999954E1,2.000000000E0,1.889999962E1
1.550819208E1,6.778333333E1,2.482337500E1,2.483818505E2,1.046944976E0,3.493200073E2,1.899999976E0,2.039999962E1
1.650746039E1,6.778334500E1,2.482337500E1,2.487818230E2,7.720833421E-1,3.454899902E2,1.899999976E0,2.100000000E1
1.750753300E1,6.778335333E1,2.482338667E1,2.490818173E2,4.344255626E-1,7.294999695E1,1.899999976E0,1.839999962E1
1.850814400E1,6.778335833E1,2.482337667E1,2.491817936E2,7.870102525E-1,2.984000015E1,1.799999952E0,1.879999924E1
1.950839546E1,6.778336167E1,2.482337500E1,2.489817837E2,1.000105262E0,1.720000029E0,1.700000048E0,1.860000038E1
2.050909939E1,6.778337333E1,2.482336833E1,2.485817482E2,1.149374723E0,1.172999954E1,1.600000024E0,1.870000076E1
2.150906800E1,6.778338667E1,2.482336500E1,2.482817128E2,9.815752506E-1,3.571000061E2,1.500000000E0,1.750000000E1
2.250740377E1,6.778339833E1,2.482335667E1,2.482816753E2,9.084846973E-1,3.400000000E2,1.500000000E0,1.689999962E1
2.350866492E1,6.778341000E1,2.482334500E1,2.481816338E2,1.071651697E0,3.201900024E2,1.500000000E0,1.650000000E1
2.450867877E1,6.778342167E1,2.482332833E1,2.481815864E2,9.043669701E-1,3.169700012E2,1.500000000E0,1.510000038E1
2.550804769E1,6.778343000E1,2.482331667E1,2.484815528E2,8.940724730E-1,3.147500000E2,1.600000024E0,1.460000038E1
2.650911392E1,6.778343833E1,2.482330333E1,2.486815172E2,8.745130301E-1,3.062300110E2,1.600000024E0,1.629999924E1
2.750856469E1,6.778344667E1,2.482328667E1,2.488814776E2,9.074552655E-1,3.027900085E2,1.600000024E0,1.760000038E1
2.850874739E1,6.778345500E1,2.482326333E1,2.487814300E2,9.352502823E-1,3.110000000E2,1.600000024E0,1.770000076E1
2.950716900E1,6.778346667E1,2.482324333E1,2.486813785E2,9.414269328E-1,3.171799927E2,1.500000000E0,1.689999962E1
3.050870246E1,6.778347000E1,2.482321833E1,2.485813408E2,8.935577869E-1,2.900000000E2,1.500000000E0,1.480000019E1
3.150788031E1,6.778347167E1,2.482319500E1,2.483813089E2,8.724541664E-1,2.971099854E2,1.500000000E0,1.430000019E1
3.250866154E1,6.778347167E1,2.482316500E1,2.482812730E2,8.580419421E-1,2.883099976E2,1.500000000E0,1.380000019E1
3.350906185E1,6.778347500E1,2.482313500E1,2.481812293E2,8.379677534E-1,2.885799866E2,1.500000000E0,1.389999962E1
3.450877231E1,6.778348000E1,2.482310167E1,2.480811776E2,8.549535871E-1,2.838200073E2,1.500000000E0,1.419999981E1
3.550850931E1,6.778348500E1,2.482306833E1,2.478811259E2,9.059110880E-1,2.729200134E2,1.600000024E0,1.400000000E1
3.650883146E1,6.778349000E1,2.482303000E1,2.477810683E2,9.306177497E-1,2.816700134E2,1.600000024E0,1.110000038E1
3.750902593E1,6.778349500E1,2.482300167E1,2.473810226E2,9.553244710E-1,3.010700073E2,1.600000024E0,1.080000019E1
3.850895416E1,6.778350000E1,2.482297167E1,2.469809749E2,9.656189084E-1,2.888099976E2,1.600000024E0,1.089999962E1
3.950913762E1,6.778350333E1,2.482293667E1,2.463809251E2,9.846636057E-1,2.884400024E2,1.600000024E0,1.069999981E1
4.050843823E1,6.778350667E1,2.482290833E1,2.456808834E2,9.887813926E-1,3.270299988E2,1.600000024E0,1.080000019E1
4.150900523E1,6.778350333E1,2.482287333E1,2.450808494E2,9.862077832E-1,2.947699890E2,1.600000024E0,1.130000019E1
4.250890439E1,6.778350167E1,2.482283667E1,2.445808094E2,1.003708363E0,2.775899963E2,1.500000000E0,1.110000038E1
4.350850500E1,6.778350000E1,2.482280333E1,2.438807735E2,1.008340836E0,2.634700012E2,1.600000024E0,1.100000000E1
4.451086100E1,6.778349833E1,2.482277167E1,2.433807395E2,1.001134753E0,2.625100098E2,1.600000024E0,1.119999981E1
4.551085916E1,6.778349833E1,2.482274667E1,2.428807096E2,9.486330748E-1,2.661900024E2,1.600000024E0,1.180000019E1
4.650835916E1,6.778349833E1,2.482272000E1,2.424806777E2,9.594421983E-1,2.661000061E2,1.600000024E0,1.130000019E1
4.750889385E1,6.778350000E1,2.482268500E1,2.421806319E2,9.748839140E-1,2.724100037E2,1.600000024E0,1.139999962E1
4.850883977E1,6.778350000E1,2.482265167E1,2.418805920E2,9.398827553E-1,2.807399902E2,1.600000024E0,1.150000000E1
4.950847977E1,6.778350000E1,2.482262167E1,2.414805561E2,9.321619272E-1,2.968800049E2,1.600000024E0,1.160000038E1
5.050907354E1,6.778350333E1,2.482259667E1,2.410805183E2,9.254705310E-1,3.105899963E2,1.600000024E0,1.210000038E1
5.150908100E1,6.778350500E1,2.482257000E1,2.405804825E2,9.342208505E-1,2.903999939E2,1.500000000E0,1.169999981E1
5.251113423E1,6.778350500E1,2.482254333E1,2.399804506E2,9.198086262E-1,2.938500061E2,1.500000000E0,1.160000038E1
5.350839047E1,6.778350667E1,2.482251167E1,2.396804087E2,9.172350168E-1,2.852500000E2,1.500000000E0,1.019999981E1
5.450894993E1,6.778350833E1,2.482248833E1,2.394803769E2,8.992197514E-1,2.911499939E2,1.500000000E0,1.050000000E1
5.550835508E1,6.778351167E1,2.482246000E1,2.395803351E2,8.899547458E-1,2.834299927E2,1.500000000E0,1.030000019E1
5.650901393E1,6.778351167E1,2.482242500E1,2.394802933E2,8.904694319E-1,2.828999939E2,1.500000000E0,1.039999962E1
5.751056462E1,6.778351167E1,2.482239167E1,2.392802534E2,8.616449833E-1,2.767000122E2,1.600000024E0,1.010000038E1
5.850830185E1,6.778351333E1,2.482235833E1,2.387802096E2,8.781161308E-1,2.763999939E2,1.600000024E0,1.000000000E1
5.950898924E1,6.778351500E1,2.482232833E1,2.387801697E2,8.508358598E-1,2.775299988E2,1.600000024E0,1.030000019E1
6.050859146E1,6.778352167E1,2.482229667E1,2.384801161E2,8.868663907E-1,2.880100098E2,1.600000024E0,1.000000000E1
6.150822100E1,6.778352500E1,2.482226000E1,2.382800644E2,9.141466618E-1,2.866300049E2,1.600000024E0,1.019999981E1
6.250905577E1,6.778352667E1,2.482222167E1,2.382800146E2,9.604716897E-1,2.769899902E2,1.600000024E0,1.010000038E1
6.350994370E1,6.778352667E1,2.482219000E1,2.381799767E2,0.000000000E0,2.769899902E2,1.600000024E0,1.069999981E1
6.450832431E1,6.778352667E1,2.482215500E1,2.377799348E2,0.000000000E0,2.523200073E2,1.600000024E0,1.000000000E1
6.550883393E1,6.778352667E1,2.482212500E1,2.374798989E2,9.856930375E-1,2.632799988E2,1.600000024E0,8.800000191E0
6.650905608E1,6.778352667E1,2.482209500E1,2.372798630E2,1.000105262E0,2.655299988E2,1.600000024E0,9.000000000E0
6.750891908E1,6.778352833E1,2.482206833E1,2.370798272E2,1.004223108E0,2.635299988E2,1.600000024E0,9.199999809E0
6.850948031E1,6.778353000E1,2.482203167E1,2.366797794E2,1.017091155E0,2.634500122E2,1.600000024E0,8.899999619E0
6.951105670E1,6.778353167E1,2.482200000E1,2.364797376E2,1.030988574E0,2.379600067E2,1.500000000E0,8.800000191E0
7.050918777E1,6.778353167E1,2.482196833E1,2.365796997E2,1.084004998E0,2.579200134E2,1.600000024E0,8.699999809E0
7.150810954E1,6.778353333E1,2.482193500E1,2.361796559E2,1.111799955E0,2.641000061E2,1.700000048E0,9.199999809E0
7.251106616E1,6.778353333E1,2.482190500E1,2.364796200E2,1.075254679E0,2.523600006E2,1.799999952E0,8.800000191E0
7.350875662E1,6.778353500E1,2.482188167E1,2.366795881E2,1.036650538E0,2.717999878E2,1.899999976E0,9.000000000E0
7.450848462E1,6.778353833E1,2.482185167E1,2.365795444E2,1.115917802E0,2.927900085E2,1.899999976E0,8.600000381E0
7.550938370E1,6.778354833E1,2.482181000E1,2.365794709E2,1.110255837E0,2.817300110E2,1.700000048E0,7.900000095E0
7.650834616E1,6.778355333E1,2.482177833E1,2.363794213E2,1.144227505E0,2.892399902E2,1.600000024E0,8.300000191E0
7.750853754E1,6.778355833E1,2.482173667E1,2.361793596E2,1.124668002E0,2.895100098E2,1.700000048E0,8.300000191E0
7.850855416E1,6.778356167E1,2.482171000E1,2.358793198E2,1.149374723E0,2.759200134E2,1.600000024E0,8.500000000E0
7.950830439E1,6.778356333E1,2.482167333E1,2.354792720E2,1.156066060E0,2.638500061E2,1.600000024E0,8.500000000E0
8.050887108E1,6.778356500E1,2.482163667E1,2.355792242E2,1.139080286E0,2.681000061E2,1.600000024E0,8.600000381E0
8.150893047E1,6.778356500E1,2.482159667E1,2.357791764E2,1.139595032E0,2.640599976E2,1.600000024E0,8.300000191E0
8.250891385E1,6.778356500E1,2.482155833E1,2.366791305E2,1.206508875E0,2.734700012E2,1.700000048E0,8.500000000E0
8.350909539E1,6.778356500E1,2.482151667E1,2.373790807E2,1.242539406E0,2.649100037E2,1.600000024E0,8.399999619E0
8.451077485E1,6.778356333E1,2.482149000E1,2.375790527E2,1.207023621E0,2.607000122E2,1.600000024E0,8.399999619E0
8.550840431E1,6.778356167E1,2.482145833E1,2.374790187E2,1.165845871E0,2.446300049E2,1.700000048E0,8.600000381E0
8.650880616E1,6.778355833E1,2.482144167E1,2.372790066E2,1.110770583E0,2.678299866E2,1.700000048E0,8.600000381E0
8.750918931E1,6.778355833E1,2.482142500E1,2.368789867E2,1.117461920E0,2.645199890E2,1.700000048E0,9.000000000E0
8.850830001E1,6.778355833E1,2.482140000E1,2.364789568E2,1.087608099E0,2.574700012E2,1.600000024E0,9.100000381E0
8.950830870E1,6.778356167E1,2.482137833E1,2.361789230E2,1.051577449E0,2.668999939E2,1.600000024E0,9.000000000E0
9.050911785E1,6.778356167E1,2.482135500E1,2.357788951E2,1.018635273E0,2.824800110E2,1.600000024E0,9.100000381E0
9.150871724E1,6.778356333E1,2.482132500E1,2.352788553E2,9.445152879E-1,2.781700134E2,1.600000024E0,8.899999619E0
9.251036001E1,6.778356333E1,2.482129500E1,2.348788194E2,8.791455626E-1,2.759400024E2,1.500000000E0,9.000000000E0
9.350910954E1,6.778356500E1,2.482127167E1,2.344787875E2,8.312764168E-1,2.802300110E2,1.500000000E0,8.899999619E0
9.450858593E1,6.778356500E1,2.482124833E1,2.340787596E2,7.808336020E-1,2.790599976E2,1.500000000E0,9.100000381E0
9.550885170E1,6.778356500E1,2.482121500E1,2.338787197E2,8.024519682E-1,2.755499878E2,1.600000024E0,9.300000191E0
9.650901016E1,6.778356667E1,2.482118000E1,2.334786739E2,8.426002860E-1,2.897200012E2,1.500000000E0,9.300000191E0
9.750851354E1,6.778357167E1,2.482114833E1,2.333786242E2,8.812044263E-1,2.929899902E2,1.500000000E0,9.199999809E0
9.851017847E1,6.778357500E1,2.482112167E1,2.336785845E2,8.894400001E-1,2.873099976E2,1.600000024E0,9.199999809E0
9.950880001E1,6.778358167E1,2.482110000E1,2.337785428E2,9.249558449E-1,2.807699890E2,1.600000024E0,9.300000191E0
1.005089545E2,6.778359000E1,2.482107500E1,2.337784933E2,9.285588861E-1,2.968599854E2,1.600000024E0,9.399999619E0
1.015080419E2,6.778359833E1,2.482105167E1,2.335784457E2,9.697366953E-1,3.038900146E2,1.500000000E0,9.500000000E0
1.025089875E2,6.778360500E1,2.482102000E1,2.334783921E2,1.003708363E0,3.057099915E2,1.500000000E0,9.399999619E0
1.035092431E2,6.778361500E1,2.482099667E1,2.335783406E2,1.025841355E0,3.048900146E2,1.500000000E0,9.500000000E0
1.045088967E2,6.778362333E1,2.482098000E1,2.332783010E2,1.049003839E0,3.041099854E2,1.600000024E0,9.600000381E0
1.055107022E2,6.778363000E1,2.482096167E1,2.328782634E2,1.072166443E0,3.111099854E2,1.600000024E0,9.699999809E0
1.065087124E2,6.778363833E1,2.482093667E1,2.327782138E2,1.088637471E0,2.917300110E2,1.600000024E0,9.600000381E0
1.075085115E2,6.778364500E1,2.482090833E1,2.329781642E2,1.087093353E0,2.858800049E2,1.600000024E0,9.100000381E0
1.085089238E2,6.778364667E1,2.482087667E1,2.327781224E2,1.088637471E0,2.785700073E2,1.600000024E0,9.199999809E0
1.095083333E2,6.778365000E1,2.482085167E1,2.326780846E2,1.059813023E0,2.677500000E2,1.600000024E0,9.000000000E0
1.105089592E2,6.778365333E1,2.482082833E1,2.327780488E2,1.073710561E0,2.692200012E2,1.600000024E0,9.199999809E0
1.115092074E2,6.778365667E1,2.482080167E1,2.323780091E2,1.078857780E0,2.613200073E2,1.600000024E0,8.899999619E0
1.125102566E2,6.778366167E1,2.482077333E1,2.320779634E2,1.087608099E0,2.946600037E2,1.600000024E0,8.800000191E0
1.135084576E2,6.778366500E1,2.482074500E1,2.316779216E2,1.063416123E0,2.880400085E2,1.600000024E0,8.899999619E0
1.145088152E2,6.778366833E1,2.482072500E1,2.313778898E2,1.041283011E0,2.927000122E2,1.600000024E0,8.899999619E0
1.155082289E2,6.778367333E1,2.482070167E1,2.309778501E2,1.017605782E0,2.944899902E2,1.600000024E0,9.000000000E0
1.165088352E2,6.778367667E1,2.482067833E1,2.306778144E2,9.723103046E-1,2.979400024E2,1.600000024E0,8.600000381E0
1.175100475E2,6.778368167E1,2.482065667E1,2.303777766E2,9.311324954E-1,2.987399902E2,1.600000024E0,8.899999619E0
1.185083016E2,6.778368667E1,2.482063500E1,2.299777389E2,9.095141888E-1,2.954800110E2,1.600000024E0,8.699999809E0
1.195085382E2,6.778369167E1,2.482060833E1,2.296776952E2,9.048816562E-1,3.048399963E2,1.600000024E0,8.899999619E0
1.205102671E2,6.778369667E1,2.482058667E1,2.290776575E2,8.873811364E-1,2.950799866E2,1.600000024E0,8.899999619E0
1.215085324E2,6.778370000E1,2.482056000E1,2.286776178E2,8.750277758E-1,2.846400146E2,1.600000024E0,8.899999619E0
1.225108191E2,6.778370333E1,2.482052667E1,2.283775700E2,8.863516450E-1,2.963500061E2,1.600000024E0,9.300000191E0
1.235091243E2,6.778370500E1,2.482049500E1,2.281775282E2,9.033374786E-1,2.909400024E2,1.600000024E0,9.300000191E0
1.245082677E2,6.778370833E1,2.482046167E1,2.279774805E2,9.146614075E-1,3.039500122E2,1.600000024E0,9.000000000E0
1.255107989E2,6.778371667E1,2.482042833E1,2.279774210E2,9.342208505E-1,3.070000000E2,1.600000024E0,9.000000000E0
1.265089785E2,6.778372333E1,2.482040333E1,2.279773753E2,9.501771927E-1,3.007900085E2,1.600000024E0,8.899999619E0
1.275087776E2,6.778372833E1,2.482037500E1,2.279773296E2,9.923844337E-1,2.988800049E2,1.600000024E0,9.199999809E0
1.285089958E2,6.778373333E1,2.482035167E1,2.274772899E2,1.007826090E0,3.108099976E2,1.600000024E0,9.100000381E0
1.295085948E2,6.778374167E1,2.482033500E1,2.272772504E2,1.037165284E0,3.136499939E2,1.600000024E0,9.399999619E0
1.305083692E2,6.778375167E1,2.482031167E1,2.271771989E2,1.065474987E0,3.022799988E2,1.600000024E0,9.600000381E0
1.315085123E2,6.778376167E1,2.482028167E1,2.268771394E2,1.079372525E0,2.995799866E2,1.600000024E0,9.600000381E0
1.325090695E2,6.778377000E1,2.482027333E1,2.267771098E2,1.065989733E0,3.208299866E2,1.600000024E0,9.899999619E0
1.335083465E2,6.778378333E1,2.482025500E1,2.266770564E2,1.101505518E0,3.347699890E2,1.600000024E0,9.800000191E0
1.345084047E2,6.778379500E1,2.482024333E1,2.265770150E2,1.121065021E0,3.364500122E2,1.600000024E0,9.899999619E0
1.355109715E2,6.778380500E1,2.482023500E1,2.265769814E2,1.100476146E0,3.346000061E2,1.600000024E0,1.019999981E1
1.365089069E2,6.778381333E1,2.482022000E1,2.266769438E2,1.080401897E0,3.359599915E2,1.600000024E0,1.000000000E1
1.375084911E2,6.778382167E1,2.482020667E1,2.265769082E2,1.032532811E0,3.483800049E2,1.600000024E0,1.080000019E1
1.385092970E2,6.778383167E1,2.482020000E1,2.262768767E2,1.036650538E0,3.481099854E2,1.500000000E0,1.069999981E1
1.395086432E2,6.778384167E1,2.482019833E1,2.257768511E2,1.018635273E0,3.465100098E2,1.600000024E0,1.069999981E1
1.405095899E2,6.778385000E1,2.482018500E1,2.254768155E2,9.985610843E-1,3.311400146E2,1.600000024E0,1.130000019E1
1.415102674E2,6.778386000E1,2.482017167E1,2.254767760E2,9.836341739E-1,3.301900024E2,1.600000024E0,1.039999962E1
1.425099179E2,6.778386833E1,2.482015833E1,2.255767404E2,9.584127665E-1,3.490499878E2,1.600000024E0,1.080000019E1
1.435099385E2,6.778387500E1,2.482015167E1,2.253767167E2,9.033374786E-1,3.405400085E2,1.600000024E0,1.039999962E1
1.445097775E2,6.778388500E1,2.482015000E1,2.254766912E2,8.832633495E-1,3.477300110E2,1.600000024E0,1.060000038E1
1.455096709E2,6.778389667E1,2.482015167E1,2.255766657E2,9.285588861E-1,6.409999847E0,1.600000024E0,1.050000000E1
1.465093711E2,6.778391000E1,2.482014500E1,2.255766262E2,9.409122467E-1,1.043999958E1,1.600000024E0,1.039999962E1
1.475096175E2,6.778391833E1,2.482014000E1,2.256766006E2,9.558391571E-1,3.561700134E2,1.500000000E0,9.100000381E0
1.485094222E2,6.778392833E1,2.482013167E1,2.253765671E2,9.311324954E-1,3.597999878E2,1.500000000E0,9.300000191E0
1.495089874E2,6.778393833E1,2.482013333E1,2.254765455E2,9.342208505E-1,3.586799927E2,1.500000000E0,9.699999809E0
1.505093493E2,6.778395000E1,2.482013000E1,2.252765140E2,9.414269328E-1,3.473500061E2,1.600000024E0,1.030000019E1
1.515096019E2,6.778396333E1,2.482012500E1,2.250764766E2,9.681925178E-1,3.515299988E2,1.600000024E0,1.050000000E1
1.525090607E2,6.778397667E1,2.482012500E1,2.250764452E2,1.004223108E0,8.600000143E-1,1.600000024E0,1.060000038E1
1.535096382E2,6.778398667E1,2.482012333E1,2.248764196E2,1.023782492E0,3.537799988E2,1.600000024E0,1.030000019E1
1.545093557E2,6.778399667E1,2.482012000E1,2.246763921E2,1.000105262E0,3.333599854E2,1.600000024E0,1.000000000E1
1.555090767E2,6.778400500E1,2.482012333E1,2.248763764E2,9.373091459E-1,3.465199890E2,1.600000024E0,1.019999981E1
1.565096997E2,6.778401667E1,2.482012833E1,2.249763549E2,9.259852767E-1,2.500000000E0,1.600000024E0,1.060000038E1
1.575096847E2,6.778402833E1,2.482012500E1,2.252763234E2,9.141466618E-1,1.100000024E0,1.600000024E0,1.060000038E1
1.585100145E2,6.778403833E1,2.482012167E1,2.252762958E2,9.043669701E-1,2.480000019E0,1.600000024E0,1.069999981E1
1.595097739E2,6.778404833E1,2.482011833E1,2.253762683E2,8.822339177E-1,3.563800049E2,1.500000000E0,1.030000019E1
1.605096296E2,6.778406333E1,2.482011833E1,2.255762329E2,8.770866394E-1,3.511799927E2,1.500000000E0,1.039999962E1
1.615093742E2,6.778407667E1,2.482011833E1,2.259762015E2,8.781161308E-1,3.490499878E2,1.600000024E0,1.019999981E1
1.625096429E2,6.778409167E1,2.482012000E1,2.264761681E2,8.755425215E-1,3.544400024E2,1.600000024E0,1.010000038E1
1.635094748E2,6.778410500E1,2.482012167E1,2.267761387E2,8.724541664E-1,3.463900146E2,1.600000024E0,1.000000000E1
1.645096739E2,6.778411833E1,2.482012333E1,2.269761093E2,9.285588861E-1,1.639999986E0,1.600000024E0,1.019999981E1
1.655094210E2,6.778413167E1,2.482012500E1,2.271760798E2,9.414269328E-1,9.779999733E0,1.600000024E0,9.699999809E0
1.665094434E2,6.778414333E1,2.482013333E1,2.274760623E2,9.445152879E-1,4.019999981E0,1.600000024E0,1.000000000E1
1.675092600E2,6.778415500E1,2.482014333E1,2.278760468E2,9.275294542E-1,3.504800110E2,1.600000024E0,9.000000000E0
1.685096684E2,6.778416333E1,2.482014000E1,2.277760231E2,9.362797141E-1,3.463999939E2,1.500000000E0,9.000000000E0
1.695086508E2,6.778417500E1,2.482014167E1,2.279759976E2,9.445152879E-1,3.500100098E2,1.500000000E0,9.500000000E0
1.705094422E2,6.778418667E1,2.482014167E1,2.282759701E2,9.203233123E-1,3.524599915E2,1.500000000E0,9.500000000E0
1.715111785E2,6.778419500E1,2.482013667E1,2.283759445E2,8.796602488E-1,3.515599976E2,1.600000024E0,9.300000191E0
1.725083545E2,6.778420500E1,2.482013167E1,2.282759150E2,8.405413628E-1,3.567300110E2,1.600000024E0,9.399999619E0
1.735090025E2,6.778421500E1,2.482012667E1,2.281758854E2,8.441444635E-1,3.563800049E2,1.500000000E0,9.300000191E0
1.745085890E2,6.778422500E1,2.482012667E1,2.281758618E2,8.173788786E-1,3.593500061E2,1.500000000E0,9.699999809E0
1.755082954E2,6.778423500E1,2.482012500E1,2.282758363E2,8.323058486E-1,3.566900024E2,1.500000000E0,9.800000191E0
1.765091955E2,6.778424667E1,2.482012167E1,2.283758048E2,8.317911029E-1,3.582699890E2,1.500000000E0,1.000000000E1
1.775091062E2,6.778425667E1,2.482012000E1,2.282757792E2,8.575271964E-1,3.567300110E2,1.500000000E0,1.010000038E1
1.785081272E2,6.778427000E1,2.482011000E1,2.280757358E2,8.801749945E-1,3.525599976E2,1.600000024E0,1.019999981E1
1.795083563E2,6.778428333E1,2.482010500E1,2.278756984E2,9.033374786E-1,3.525100098E2,1.600000024E0,1.030000019E1
1.805099437E2,6.778429333E1,2.482010500E1,2.279756748E2,9.089994431E-1,3.487000122E2,1.600000024E0,1.050000000E1
1.815083656E2,6.778430167E1,2.482010167E1,2.277756512E2,9.115730524E-1,3.510199890E2,1.600000024E0,1.010000038E1
1.825088687E2,6.778431000E1,2.482010333E1,2.276756336E2,9.455447197E-1,1.451000023E1,1.600000024E0,1.030000019E1
1.835098746E2,6.778431833E1,2.482010667E1,2.277756179E2,9.218674898E-1,3.458399963E2,1.600000024E0,1.030000019E1
1.845085662E2,6.778432500E1,2.482010333E1,2.278755982E2,8.482622504E-1,3.254200134E2,1.600000024E0,9.399999619E0
1.855085363E2,6.778433000E1,2.482010000E1,2.283755824E2,7.885544300E-1,5.400000215E-1,1.500000000E0,8.699999809E0
1.865085493E2,6.778434000E1,2.482009167E1,2.286755489E2,7.926722169E-1,3.809999943E0,1.500000000E0,8.800000191E0
1.875092022E2,6.778435333E1,2.482008000E1,2.290755035E2,8.328205347E-1,3.467699890E2,1.600000024E0,8.899999619E0
1.885088336E2,6.778436500E1,2.482007500E1,2.293754700E2,8.142905831E-1,3.447799988E2,1.600000024E0,8.899999619E0
1.895089696E2,6.778437833E1,2.482007333E1,2.297754366E2,8.050255775E-1,3.545799866E2,1.600000024E0,8.800000191E0
1.905081404E2,6.778439000E1,2.482007500E1,2.300754111E2,8.503211141E-1,1.539999962E0,1.600000024E0,9.000000000E0
1.915083194E2,6.778440167E1,2.482007833E1,2.302753876E2,9.074552655E-1,9.569999695E0,1.600000024E0,8.699999809E0
1.925107472E2,6.778441333E1,2.482008000E1,2.304753621E2,9.043669701E-1,1.409000015E1,1.600000024E0,9.199999809E0
1.935088748E2,6.778442667E1,2.482008833E1,2.309753406E2,9.445152879E-1,1.255000019E1,1.600000024E0,9.300000191E0
1.945092766E2,6.778443833E1,2.482009500E1,2.313753211E2,1.045915604E0,2.529999924E1,1.600000024E0,9.399999619E0
1.955103315E2,6.778444833E1,2.482010167E1,2.314753055E2,1.129300594E0,1.321000004E1,1.600000024E0,8.899999619E0
1.965079809E2,6.778445667E1,2.482009500E1,2.314752779E2,1.185920000E0,3.596099854E2,1.600000024E0,8.500000000E0
1.975091292E2,6.778447000E1,2.482009833E1,2.315752505E2,1.177169681E0,1.340000033E0,1.600000024E0,9.000000000E0
1.985094231E2,6.778448167E1,2.482010333E1,2.315752289E2,1.210626721E0,8.260000229E0,1.600000024E0,9.100000381E0
1.995084114E2,6.778449333E1,2.482012167E1,2.317752234E2,1.246142507E0,2.525000000E1,1.600000024E0,9.199999809E0
2.005086363E2,6.778450333E1,2.482014333E1,2.316752257E2,1.264157772E0,2.668000031E1,1.600000024E0,9.500000000E0
2.015086592E2,6.778451667E1,2.482016000E1,2.317752142E2,1.238936424E0,2.320000076E1,1.600000024E0,9.300000191E0
2.025085336E2,6.778453000E1,2.482017333E1,2.317751987E2,1.228641987E0,1.468000031E1,1.600000024E0,9.600000381E0
2.035085646E2,6.778454000E1,2.482019500E1,2.317752011E2,1.255407453E0,3.715999985E1,1.600000024E0,9.000000000E0
2.045089329E2,6.778455167E1,2.482021500E1,2.319751975E2,1.244598389E0,3.147999954E1,1.600000024E0,8.699999809E0
2.055086355E2,6.778456167E1,2.482023667E1,2.320751999E2,1.236877441E0,2.787999916E1,1.500000000E0,8.800000191E0
2.065099127E2,6.778456833E1,2.482025167E1,2.317752021E2,1.175110817E0,2.006999969E1,1.500000000E0,8.899999619E0
2.075105689E2,6.778457500E1,2.482027500E1,2.315752143E2,1.171507835E0,5.431999969E1,1.500000000E0,9.199999809E0
2.085083296E2,6.778458167E1,2.482030167E1,2.314752305E2,1.135477185E0,4.136999893E1,1.500000000E0,9.100000381E0
2.095081963E2,6.778459000E1,2.482032167E1,2.314752347E2,1.099961400E0,4.411999893E1,1.500000000E0,9.300000191E0
2.105085038E2,6.778459833E1,2.482034167E1,2.314752390E2,1.047459722E0,5.736999893E1,1.500000000E0,9.600000381E0
2.115086776E2,6.778460500E1,2.482036667E1,2.315752532E2,1.046430230E0,4.543000031E1,1.500000000E0,8.800000191E0
2.125082564E2,6.778461167E1,2.482039000E1,2.316752654E2,1.049518585E0,4.461000061E1,1.500000000E0,8.899999619E0
2.135107102E2,6.778461833E1,2.482040667E1,2.316752696E2,1.007826090E0,2.177000046E1,1.600000024E0,9.100000381E0
2.145088872E2,6.778462500E1,2.482042167E1,2.315752719E2,9.795163870E-1,1.748999977E1,1.600000024E0,8.699999809E0
2.155089327E2,6.778462833E1,2.482044167E1,2.315752879E2,9.810605645E-1,6.343999863E1,1.600000024E0,8.699999809E0
2.165088490E2,6.778462833E1,2.482046667E1,2.313753178E2,9.800311327E-1,5.972999954E1,1.600000024E0,8.699999809E0
2.175085634E2,6.778463333E1,2.482049333E1,2.314753379E2,9.584127665E-1,6.084000015E1,1.600000024E0,8.300000191E0
2.185099690E2,6.778463667E1,2.482052500E1,2.313753680E2,9.589275122E-1,5.786000061E1,1.600000024E0,8.199999809E0
2.195117111E2,6.778464000E1,2.482055000E1,2.311753900E2,9.872372150E-1,4.186999893E1,1.500000000E0,8.399999619E0
2.205083786E2,6.778464833E1,2.482057333E1,2.310753983E2,9.815752506E-1,3.602000046E1,1.600000024E0,8.500000000E0
2.215087259E2,6.778465167E1,2.482059500E1,2.309754163E2,9.784869552E-1,5.368000031E1,1.600000024E0,8.800000191E0
2.225110906E2,6.778465500E1,2.482061833E1,2.306754364E2,1.014002800E0,6.543000031E1,1.600000024E0,9.100000381E0
2.235081755E2,6.778465667E1,2.482064833E1,2.303754683E2,1.036135793E0,7.250000000E1,1.600000024E0,9.100000381E0
2.245086563E2,6.778466000E1,2.482067333E1,2.303754904E2,1.069078088E0,6.604000092E1,1.600000024E0,8.899999619E0
2.255087382E2,6.778466500E1,2.482069167E1,2.300755005E2,1.009884953E0,4.781000137E1,1.600000024E0,8.800000191E0
2.265083398E2,6.778466833E1,2.482070833E1,2.299755126E2,9.985610843E-1,3.663000107E1,1.600000024E0,8.699999809E0
2.275088132E2,6.778467167E1,2.482072167E1,2.297755207E2,9.671630263E-1,2.725000000E1,1.600000024E0,8.800000191E0
2.285082352E2,6.778467500E1,2.482074167E1,2.295755367E2,9.656189084E-1,4.352999878E1,1.600000024E0,8.699999809E0
2.295083083E2,6.778467667E1,2.482076667E1,2.292755627E2,9.228969216E-1,5.749000168E1,1.600000024E0,8.800000191E0
2.305086795E2,6.778468000E1,2.482079333E1,2.290755868E2,9.192938805E-1,6.433999634E1,1.600000024E0,8.800000191E0
2.315114317E2,6.778468500E1,2.482081000E1,2.287755949E2,8.770866394E-1,5.588999939E1,1.600000024E0,8.899999619E0
2.325080160E2,6.778468667E1,2.482083833E1,2.287756249E2,8.132610917E-1,5.958000183E1,1.600000024E0,9.000000000E0
2.335087324E2,6.778469000E1,2.482085667E1,2.286756389E2,7.679655552E-1,4.763000107E1,1.600000024E0,9.199999809E0
2.345084348E2,6.778469500E1,2.482087833E1,2.286756531E2,7.298761010E-1,3.890000153E1,1.600000024E0,9.300000191E0
2.355086352E2,6.778470167E1,2.482090333E1,2.288756673E2,7.571563721E-1,3.745000076E1,1.600000024E0,8.800000191E0
2.365081680E2,6.778470667E1,2.482092500E1,2.286756814E2,7.576711178E-1,4.725999832E1,1.600000024E0,8.800000191E0
2.375112077E2,6.778471000E1,2.482094833E1,2.287757014E2,7.798041701E-1,4.931000137E1,1.600000024E0,8.500000000E0
2.385080102E2,6.778471333E1,2.482097500E1,2.287757255E2,7.736275196E-1,5.827000046E1,1.600000024E0,9.000000000E0
2.395087026E2,6.778471333E1,2.482100500E1,2.289757614E2,7.638477683E-1,7.516999817E1,1.600000024E0,9.000000000E0
2.405098723E2,6.778471667E1,2.482103500E1,2.291757894E2,7.808336020E-1,6.523000336E1,1.600000024E0,9.000000000E0
2.415082545E2,6.778471833E1,2.482106833E1,2.293758253E2,7.895838618E-1,3.343999863E1,1.600000024E0,8.899999619E0
2.425089546E2,6.778472167E1,2.482110000E1,2.297758553E2,7.792894244E-1,6.306000137E1,1.600000024E0,8.300000191E0
2.435085869E2,6.778472167E1,2.482113000E1,2.301758912E2,7.942163944E-1,7.690000153E1,1.600000024E0,8.100000381E0
2.445082484E2,6.778472667E1,2.482116500E1,2.304759213E2,7.993636131E-1,7.390000153E1,1.600000024E0,8.300000191E0
2.455086675E2,6.778472667E1,2.482120500E1,2.306759691E2,8.009077907E-1,7.548000336E1,1.600000024E0,8.100000381E0
2.465088986E2,6.778472833E1,2.482123167E1,2.308759971E2,8.014224768E-1,6.638999939E1,1.600000024E0,8.500000000E0
2.475088028E2,6.778473167E1,2.482125833E1,2.309760211E2,7.818630338E-1,6.309999847E1,1.600000024E0,8.399999619E0
2.485090157E2,6.778473333E1,2.482128167E1,2.311760451E2,7.720833421E-1,6.544000244E1,1.600000024E0,8.600000381E0
2.495117283E2,6.778473500E1,2.482130500E1,2.312760691E2,7.525238991E-1,6.858999634E1,1.500000000E0,8.300000191E0
2.505080546E2,6.778473500E1,2.482132833E1,2.314760970E2,7.015663981E-1,7.298999786E1,1.500000000E0,8.399999619E0
2.515102714E2,6.778473667E1,2.482135000E1,2.313761190E2,6.974486113E-1,6.987999725E1,1.500000000E0,8.300000191E0
2.525084309E2,6.778474000E1,2.482137500E1,2.314761410E2,7.077430487E-1,6.648000336E1,1.500000000E0,8.600000381E0
2.535083733E2,6.778474167E1,2.482140500E1,2.316761730E2,7.134050131E-1,6.480000305E1,1.500000000E0,8.800000191E0
2.545091007E2,6.778474000E1,2.482143000E1,2.316762068E2,6.933308244E-1,6.983999634E1,1.600000024E0,8.800000191E0
2.555104339E2,6.778474333E1,2.482145167E1,2.318762249E2,6.907572150E-1,6.338000107E1,1.600000024E0,8.600000381E0
2.565091232E2,6.778474333E1,2.482148000E1,2.321762588E2,6.799480319E-1,6.018000031E1,1.600000024E0,8.600000381E0
2.575088523E2,6.778474167E1,2.482151000E1,2.325762986E2,6.825216413E-1,7.411000061E1,1.600000024E0,8.800000191E0
2.585092022E2,6.778474333E1,2.482152667E1,2.330763146E2,6.681094170E-1,7.401000214E1,1.600000024E0,9.000000000E0
2.595093111E2,6.778474500E1,2.482154833E1,2.334763366E2,6.686241627E-1,7.856999969E1,1.500000000E0,9.300000191E0
2.605089572E2,6.778474667E1,2.482157500E1,2.337763645E2,6.876688600E-1,6.711000061E1,1.500000000E0,9.399999619E0
2.615091963E2,6.778474667E1,2.482160167E1,2.340763964E2,6.959044337E-1,7.744999695E1,1.500000000E0,8.899999619E0
2.625091370E2,6.778474833E1,2.482161667E1,2.340764104E2,6.701683402E-1,8.247000122E1,1.500000000E0,8.600000381E0
2.635085456E2,6.778474833E1,2.482163167E1,2.339764284E2,6.372261047E-1,8.450000000E1,1.500000000E0,8.800000191E0
2.645087902E2,6.778475000E1,2.482165000E1,2.339764464E2,6.253874898E-1,7.619000244E1,1.399999976E0,8.399999619E0
2.655092838E2,6.778475333E1,2.482164833E1,2.338764365E2,5.842097402E-1,8.805999756E1,1.399999976E0,8.100000381E0
2.665091324E2,6.778475333E1,2.482166167E1,2.338764525E2,5.595030785E-1,8.408000183E1,1.399999976E0,8.399999619E0
2.675091566E2,6.778475333E1,2.482168000E1,2.338764744E2,5.574441552E-1,6.626000214E1,1.399999976E0,8.699999809E0
2.685092739E2,6.778475333E1,2.482169333E1,2.337764904E2,5.708269477E-1,8.490000153E1,1.399999976E0,9.000000000E0
2.695099927E2,6.778475500E1,2.482170833E1,2.335765044E2,5.615619421E-1,8.172000122E1,1.399999976E0,9.300000191E0
2.705107632E2,6.778475667E1,2.482172000E1,2.334765144E2,5.383994579E-1,6.902999878E1,1.399999976E0,9.300000191E0
2.715082869E2,6.778475833E1,2.482173167E1,2.333765244E2,5.075160861E-1,7.120999908E1,1.399999976E0,9.100000381E0
2.725086936E2,6.778475833E1,2.482175167E1,2.331765483E2,5.219283104E-1,8.816000366E1,1.500000000E0,9.100000381E0
2.735099745E2,6.778475667E1,2.482177000E1,2.331765742E2,5.106044412E-1,9.318000031E1,1.500000000E0,8.800000191E0
2.745086155E2,6.778475833E1,2.482179333E1,2.331765982E2,5.250166655E-1,7.019999695E1,1.600000024E0,8.899999619E0
2.755083126E2,6.778475833E1,2.482181667E1,2.334766261E2,5.358258486E-1,8.209999847E1,1.600000024E0,8.699999809E0
2.765100616E2,6.778475833E1,2.482183500E1,2.337766480E2,5.420024991E-1,8.612000275E1,1.600000024E0,8.899999619E0
2.775083726E2,6.778475667E1,2.482185833E1,2.340766798E2,5.342816710E-1,8.787999725E1,1.600000024E0,8.500000000E0
2.785083428E2,6.778475500E1,2.482188333E1,2.341767137E2,5.270755291E-1,8.268000031E1,1.500000000E0,8.300000191E0
2.795118435E2,6.778475500E1,2.482190333E1,2.344767376E2,5.461202860E-1,8.433999634E1,1.500000000E0,8.199999809E0
2.805082071E2,6.778475500E1,2.482192167E1,2.345767595E2,5.703122020E-1,8.179000092E1,1.500000000E0,8.000000000E0
2.815095899E2,6.778475667E1,2.482194667E1,2.347767855E2,6.150930524E-1,8.580999756E1,1.500000000E0,8.300000191E0
2.825085952E2,6.778475833E1,2.482197000E1,2.349768095E2,6.238433123E-1,8.529000092E1,1.500000000E0,8.199999809E0
2.835079976E2,6.778475667E1,2.482198667E1,2.349768333E2,6.444322467E-1,9.877999878E1,1.500000000E0,7.900000095E0
2.845088139E2,6.778475667E1,2.482200833E1,2.350768593E2,6.485499740E-1,9.441999817E1,1.500000000E0,8.100000381E0
2.855094567E2,6.778476000E1,2.482202833E1,2.351768753E2,6.639916897E-1,7.775000000E1,1.500000000E0,8.300000191E0
2.865084758E2,6.778476333E1,2.482204333E1,2.352768854E2,6.706830263E-1,7.813999939E1,1.600000024E0,8.399999619E0
2.875085582E2,6.778476333E1,2.482205667E1,2.354769013E2,6.439175010E-1,6.329000092E1,1.600000024E0,8.699999809E0
2.885108391E2,6.778476833E1,2.482207333E1,2.355769095E2,6.475205421E-1,5.266999817E1,1.500000000E0,8.600000381E0
2.895081856E2,6.778476833E1,2.482209333E1,2.355769334E2,6.464911103E-1,7.037000275E1,1.600000024E0,8.699999809E0
2.905103985E2,6.778477000E1,2.482211833E1,2.356769594E2,6.382555366E-1,7.269999695E1,1.500000000E0,8.500000000E0
2.915107755E2,6.778477000E1,2.482213333E1,2.357769773E2,6.156077981E-1,5.561999893E1,1.600000024E0,8.500000000E0
2.925077363E2,6.778477167E1,2.482215000E1,2.354769933E2,6.006808281E-1,6.423999786E1,1.600000024E0,8.600000381E0
2.935080936E2,6.778477000E1,2.482216500E1,2.353770152E2,5.903863907E-1,9.230000305E1,1.600000024E0,8.600000381E0
2.945100203E2,6.778477000E1,2.482218167E1,2.353770351E2,5.656797290E-1,7.765000153E1,1.600000024E0,8.500000000E0
2.955083647E2,6.778476833E1,2.482219667E1,2.354770570E2,5.579589009E-1,8.430000305E1,1.500000000E0,8.600000381E0
2.965085797E2,6.778476833E1,2.482221833E1,2.355770829E2,5.697975159E-1,7.105999756E1,1.500000000E0,8.399999619E0
2.975107403E2,6.778476833E1,2.482224000E1,2.356771088E2,6.135488749E-1,8.273000336E1,1.500000000E0,8.000000000E0
2.985080804E2,6.778477000E1,2.482225833E1,2.356771268E2,6.125194430E-1,7.243000031E1,1.500000000E0,8.000000000E0
2.995092813E2,6.778477167E1,2.482227667E1,2.356771448E2,6.269316673E-1,6.409999847E1,1.600000024E0,8.300000191E0
3.005085939E2,6.778477333E1,2.482229167E1,2.359771588E2,6.253874898E-1,6.102000046E1,1.600000024E0,8.100000381E0
3.015084450E2,6.778477167E1,2.482231167E1,2.362771867E2,6.140636206E-1,7.375000000E1,1.500000000E0,8.000000000E0
3.025106705E2,6.778477167E1,2.482232833E1,2.368772066E2,6.027397513E-1,7.919999695E1,1.500000000E0,8.199999809E0
3.035114502E2,6.778477167E1,2.482235167E1,2.372772345E2,6.269316673E-1,6.295000076E1,1.500000000E0,7.800000191E0
3.045080902E2,6.778477333E1,2.482237167E1,2.376772545E2,6.434027553E-1,5.763000107E1,1.600000024E0,8.000000000E0
3.055102142E2,6.778477167E1,2.482239167E1,2.378772824E2,6.500941515E-1,8.608000183E1,1.500000000E0,8.000000000E0
3.065100508E2,6.778477000E1,2.482241000E1,2.380773082E2,6.536971927E-1,8.873999786E1,1.600000024E0,8.600000381E0
3.075081985E2,6.778476833E1,2.482243167E1,2.382773381E2,6.603885889E-1,7.916999817E1,1.600000024E0,8.800000191E0
3.085084406E2,6.778477000E1,2.482245333E1,2.383773601E2,6.773744226E-1,4.622999954E1,1.600000024E0,8.899999619E0
3.095110877E2,6.778477167E1,2.482246500E1,2.385773701E2,6.459763646E-1,8.420999908E1,1.600000024E0,8.600000381E0
3.105077797E2,6.778477000E1,2.482248500E1,2.387773979E2,6.475205421E-1,8.561000061E1,1.600000024E0,8.600000381E0
3.115085426E2,6.778477167E1,2.482250500E1,2.387774179E2,6.650211215E-1,7.916999817E1,1.600000024E0,8.800000191E0
3.125089505E2,6.778477333E1,2.482252167E1,2.388774339E2,6.778891683E-1,8.098000336E1,1.600000024E0,9.000000000E0
3.135084210E2,6.778477500E1,2.482253833E1,2.390774499E2,6.629621983E-1,8.140000153E1,1.600000024E0,8.199999809E0
3.145096186E2,6.778477667E1,2.482255000E1,2.391774600E2,6.655358076E-1,7.080000305E1,1.600000024E0,8.399999619E0
3.155111160E2,6.778477667E1,2.482256500E1,2.393774779E2,6.675947309E-1,7.461000061E1,1.600000024E0,7.800000191E0
3.165085146E2,6.778478167E1,2.482258333E1,2.396774880E2,6.696535945E-1,7.341999817E1,1.500000000E0,7.699999809E0
3.175109776E2,6.778478500E1,2.482259833E1,2.396774981E2,6.526677608E-1,7.341000366E1,1.500000000E0,8.100000381E0
3.185110686E2,6.778478833E1,2.482260833E1,2.395775022E2,6.341377497E-1,8.163999939E1,1.500000000E0,8.100000381E0
3.195084154E2,6.778479000E1,2.482261500E1,2.395775063E2,6.377408504E-1,7.300000000E1,1.500000000E0,8.399999619E0
3.205098976E2,6.778479000E1,2.482262333E1,2.397775162E2,6.130341887E-1,7.287999725E1,1.500000000E0,8.399999619E0
3.215115607E2,6.778479000E1,2.482264000E1,2.397775362E2,5.734005570E-1,8.347000122E1,1.500000000E0,7.699999809E0
3.225084327E2,6.778479000E1,2.482265167E1,2.400775501E2,5.456055403E-1,1.021500015E2,1.500000000E0,7.800000191E0
3.235099706E2,6.778478833E1,2.482266500E1,2.404775700E2,5.270755291E-1,8.619000244E1,1.500000000E0,7.699999809E0
3.245094419E2,6.778478667E1,2.482266833E1,2.408775779E2,4.869272113E-1,7.969999695E1,1.399999976E0,7.400000095E0
3.255109431E2,6.778478833E1,2.482267500E1,2.408775820E2,4.442052841E-1,5.388999939E1,1.399999976E0,7.699999809E0
3.265083887E2,6.778478833E1,2.482268833E1,2.407775979E2,4.117777646E-1,5.881999969E1,1.399999976E0,7.500000000E0
3.275096829E2,6.778478667E1,2.482269500E1,2.407776098E2,0.000000000E0,8.336000061E1,1.399999976E0,7.699999809E0
3.285083600E2,6.778478667E1,2.482270500E1,2.408776218E2,0.000000000E0,9.309999847E1,1.399999976E0,7.800000191E0
3.295077997E2,6.778478500E1,2.482272000E1,2.406776436E2,0.000000000E0,8.583999634E1,1.399999976E0,7.900000095E0
3.305104683E2,6.778478500E1,2.482272000E1,2.406776436E2,0.000000000E0,8.583999634E1,1.399999976E0,7.900000095E0
3.315085016E2,6.778478500E1,2.482272000E1,2.406776436E2,0.000000000E0,8.583999634E1,1.399999976E0,7.699999809E0
3.325083886E2,6.778478667E1,2.482276833E1,2.411776975E2,3.489816785E-1,8.418000031E1,1.500000000E0,7.800000191E0
3.335099373E2,6.778478667E1,2.482279333E1,2.412777274E2,3.788355589E-1,8.272000122E1,1.500000000E0,7.599999905E0
3.345082158E2,6.778478333E1,2.482281333E1,2.414777592E2,4.282488823E-1,9.877999878E1,1.500000000E0,7.599999905E0
3.355088477E2,6.778478000E1,2.482282667E1,2.415777830E2,4.756033421E-1,1.103000031E2,1.500000000E0,7.400000095E0
3.365097398E2,6.778477833E1,2.482283833E1,2.418778009E2,4.961922169E-1,1.075100021E2,1.500000000E0,7.400000095E0
3.375085062E2,6.778477500E1,2.482285167E1,2.419778247E2,5.409730673E-1,1.048300018E2,1.500000000E0,7.400000095E0
3.385085280E2,6.778477333E1,2.482287000E1,2.421778506E2,6.192108393E-1,1.058799973E2,1.500000000E0,7.599999905E0
3.395107569E2,6.778477000E1,2.482288667E1,2.422778784E2,6.871541739E-1,1.090999985E2,1.500000000E0,7.500000000E0
3.405082677E2,6.778476500E1,2.482290167E1,2.424779081E2,7.391411066E-1,1.203799973E2,1.500000000E0,7.500000000E0
3.415081053E2,6.778476500E1,2.482291000E1,2.426779181E2,7.411999702E-1,1.015100021E2,1.500000000E0,7.300000191E0
3.425097816E2,6.778476667E1,2.482292167E1,2.429779281E2,7.303908467E-1,1.000100021E2,1.500000000E0,7.500000000E0
3.435085986E2,6.778476500E1,2.482294167E1,2.432779559E2,7.303908467E-1,1.045599976E2,1.500000000E0,7.500000000E0
3.445105841E2,6.778476667E1,2.482295667E1,2.435779699E2,7.278172374E-1,9.605999756E1,1.500000000E0,7.099999905E0
3.455095677E2,6.778476500E1,2.482297000E1,2.438779898E2,7.262730598E-1,8.619999695E1,1.500000000E0,7.300000191E0
3.465079435E2,6.778476000E1,2.482298167E1,2.441780156E2,7.339938879E-1,1.052399979E2,1.600000024E0,7.500000000E0
3.475085345E2,6.778475833E1,2.482299833E1,2.442780394E2,7.386263609E-1,1.061900024E2,1.500000000E0,7.000000000E0
3.485087321E2,6.778475500E1,2.482301833E1,2.444780712E2,7.293614149E-1,1.099300003E2,1.500000000E0,6.900000095E0
3.495082696E2,6.778475167E1,2.482303500E1,2.447780990E2,7.134050131E-1,1.248799973E2,1.500000000E0,7.099999905E0
3.505085320E2,6.778474833E1,2.482304500E1,2.447781188E2,7.134050131E-1,1.243399963E2,1.500000000E0,7.400000095E0
3.515100543E2,6.778474667E1,2.482306000E1,2.446781407E2,7.175228000E-1,1.249300003E2,1.500000000E0,7.300000191E0
3.525078278E2,6.778474167E1,2.482306833E1,2.446781625E2,7.386263609E-1,1.287200012E2,1.500000000E0,7.300000191E0
3.535082729E2,6.778473833E1,2.482307833E1,2.443781823E2,7.411999702E-1,1.337700043E2,1.500000000E0,7.400000095E0
3.545083112E2,6.778473500E1,2.482309333E1,2.440782081E2,7.607594728E-1,1.300700073E2,1.500000000E0,7.300000191E0
3.555079643E2,6.778473167E1,2.482310667E1,2.435782319E2,7.767158151E-1,1.433500061E2,1.500000000E0,6.800000191E0
3.565118946E2,6.778472667E1,2.482311667E1,2.433782556E2,7.921574712E-1,1.404400024E2,1.500000000E0,6.900000095E0
3.575101000E2,6.778472000E1,2.482313333E1,2.433782913E2,8.075991869E-1,1.267600021E2,1.500000000E0,7.099999905E0
3.585079721E2,6.778471500E1,2.482315167E1,2.434783250E2,8.359088898E-1,1.529900055E2,1.500000000E0,7.000000000E0
3.595085619E2,6.778471000E1,2.482316833E1,2.436783567E2,8.328205347E-1,1.522100067E2,1.500000000E0,7.099999905E0
3.605103314E2,6.778470500E1,2.482318667E1,2.436783905E2,8.544389009E-1,1.321900024E2,1.500000000E0,7.199999809E0
3.615083183E2,6.778470167E1,2.482320000E1,2.435784143E2,8.827486038E-1,1.343600006E2,1.500000000E0,7.199999809E0
3.625102598E2,6.778469500E1,2.482321167E1,2.434784440E2,9.048816562E-1,1.562799988E2,1.500000000E0,7.099999905E0
3.635112013E2,6.778468833E1,2.482321333E1,2.435784617E2,9.048816562E-1,1.783699951E2,1.500000000E0,7.099999905E0
3.645103029E2,6.778468000E1,2.482321333E1,2.437784813E2,8.873811364E-1,1.728699951E2,1.500000000E0,7.199999809E0
3.655102093E2,6.778467333E1,2.482322833E1,2.439785150E2,8.889252543E-1,1.491799927E2,1.500000000E0,7.300000191E0
3.665111459E2,6.778466333E1,2.482323667E1,2.440785485E2,9.059110880E-1,1.584799957E2,1.500000000E0,7.099999905E0
3.675086991E2,6.778465500E1,2.482324333E1,2.440785762E2,9.223822355E-1,1.731100006E2,1.500000000E0,7.300000191E0
3.685100809E2,6.778464500E1,2.482324667E1,2.441786037E2,9.131172299E-1,1.882200012E2,1.500000000E0,6.900000095E0
3.695111093E2,6.778463333E1,2.482324000E1,2.438786233E2,9.208380580E-1,1.788300018E2,1.500000000E0,7.000000000E0
3.705083826E2,6.778462667E1,2.482323667E1,2.435786350E2,8.899547458E-1,1.609100037E2,1.500000000E0,7.000000000E0
3.715077994E2,6.778462000E1,2.482324500E1,2.434786607E2,8.606155515E-1,1.631799927E2,1.500000000E0,6.900000095E0
3.725098099E2,6.778461000E1,2.482324500E1,2.431786843E2,8.359088898E-1,1.750399933E2,1.500000000E0,6.900000095E0
3.735082949E2,6.778460000E1,2.482324167E1,2.431787039E2,8.487769365E-1,1.876199951E2,1.500000000E0,7.000000000E0
3.745095456E2,6.778459167E1,2.482324667E1,2.431787295E2,8.616449833E-1,1.801600037E2,1.500000000E0,7.099999905E0
3.755104237E2,6.778458167E1,2.482324833E1,2.430787551E2,8.611302972E-1,1.731999969E2,1.500000000E0,7.000000000E0
3.765102967E2,6.778457333E1,2.482325167E1,2.431787787E2,8.528947234E-1,1.665899963E2,1.500000000E0,6.900000095E0
3.775115383E2,6.778456500E1,2.482325500E1,2.431788024E2,8.410561085E-1,1.763000031E2,1.500000000E0,6.900000095E0
3.785102133E2,6.778455667E1,2.482326167E1,2.429788300E2,8.055402637E-1,1.760000000E2,1.500000000E0,6.599999905E0
3.795112881E2,6.778455000E1,2.482327167E1,2.425788577E2,8.096580505E-1,1.752899933E2,1.500000000E0,6.599999905E0
3.805097573E2,6.778453833E1,2.482328000E1,2.423788951E2,8.513505459E-1,1.605200043E2,1.500000000E0,6.699999809E0
3.815110074E2,6.778453000E1,2.482328500E1,2.421789208E2,8.642185926E-1,1.723000031E2,1.500000000E0,6.900000095E0
3.825083604E2,6.778452167E1,2.482328500E1,2.421789404E2,8.868663907E-1,1.861699982E2,1.500000000E0,6.900000095E0
3.835105850E2,6.778451167E1,2.482328333E1,2.423789620E2,8.853222132E-1,1.940399933E2,1.500000000E0,6.800000191E0
3.845097303E2,6.778450167E1,2.482328833E1,2.424789916E2,9.126024842E-1,1.786100006E2,1.500000000E0,6.900000095E0
3.855083511E2,6.778449167E1,2.482329500E1,2.426790231E2,9.198086262E-1,1.778600006E2,1.500000000E0,7.000000000E0
3.865083286E2,6.778448167E1,2.482329500E1,2.426790467E2,9.254705310E-1,1.767299957E2,1.600000024E0,7.000000000E0
3.875096761E2,6.778447000E1,2.482329500E1,2.429790742E2,9.429711103E-1,1.653699951E2,1.500000000E0,7.099999905E0
3.885083287E2,6.778446000E1,2.482330000E1,2.430791038E2,9.568685889E-1,1.693899994E2,1.600000024E0,7.199999809E0
3.895076133E2,6.778445000E1,2.482330667E1,2.428791354E2,9.728249907E-1,1.683600006E2,1.600000024E0,7.500000000E0
3.905076967E2,6.778444000E1,2.482330667E1,2.437791589E2,9.537802935E-1,1.299199982E2,1.799999952E0,7.300000191E0
3.915076037E2,6.778443667E1,2.482331667E1,2.437791788E2,9.800311327E-1,1.690899963E2,2.000000000E0,7.599999905E0
3.925070853E2,6.778443000E1,2.482331667E1,2.432791945E2,9.795163870E-1,1.742500000E2,1.899999976E0,6.500000000E0
3.935112302E2,6.778442167E1,2.482332500E1,2.427792241E2,1.006281972E0,1.853200073E2,1.700000048E0,6.699999809E0
3.945078609E2,6.778440833E1,2.482331833E1,2.430792476E2,1.045400858E0,1.802299957E2,1.600000024E0,6.500000000E0
3.955110130E2,6.778439500E1,2.482331833E1,2.435792790E2,1.042827249E0,1.726399994E2,1.700000048E0,6.800000191E0
3.965108517E2,6.778438833E1,2.482332500E1,2.437793027E2,1.056724668E0,1.690899963E2,1.600000024E0,7.000000000E0
3.975100176E2,6.778437667E1,2.482333000E1,2.437793362E2,1.041797757E0,1.693099976E2,1.600000024E0,7.000000000E0
3.985113117E2,6.778436833E1,2.482333333E1,2.436793598E2,1.036135793E0,1.818200073E2,1.700000048E0,7.199999809E0
3.995113592E2,6.778436167E1,2.482333500E1,2.438793776E2,1.017605782E0,1.855500031E2,1.600000024E0,7.300000191E0
4.005100114E2,6.778435333E1,2.482333833E1,2.436794012E2,1.018635273E0,1.716900024E2,1.500000000E0,7.099999905E0
4.015086869E2,6.778434500E1,2.482334667E1,2.433794308E2,9.862077832E-1,1.760899963E2,1.500000000E0,7.400000095E0
4.025098637E2,6.778433667E1,2.482334833E1,2.431794525E2,9.656189084E-1,1.777500000E2,1.500000000E0,7.400000095E0
4.035082865E2,6.778432667E1,2.482335333E1,2.428794820E2,9.316472411E-1,1.723699951E2,1.500000000E0,7.199999809E0
